work_id,title,original_filename,lemmatized_filename,original_characters,original_estimated_sentences,original_tokens,original_unique_wordforms,lemmatized_characters,lemmatized_tokens,unique_lemmas
1,Панихида,V401_Panikhida.txt,,9559,146,1414,829,0,0,0
2,Глупый француз,V402_Glupyi_francuz.txt,,5847,132,896,499,0,0,0
3,Блины,V403_Bliny.txt,,7048,83,1063,613,0,0,0
4,О бренности (Масленичная тема для проповеди),V404_O_brennosti_(Ma.txt,,1713,23,246,193,0,0,0
5,Персона,V405_Persona.txt,,6384,95,974,566,0,0,0
6,К сведению мужей (Научная статья),V406_K_svedeniu_muzh.txt,,8085,135,1241,711,0,0,0
7,Рыбье дело (Густой трактат по жидкому вопросу),V407_Rybe_delo_(Gust.txt,,5255,75,776,521,0,0,0
8,Иван Матвеич,V408_Ivan_Matveich.txt,,9765,216,1455,794,0,0,0
9,Ведьма,V409_Vedma.txt,,21850,414,3401,1621,0,0,0
10,Первый дебют (Рассказ),V410_Pervyi_debut_(R.txt,,10466,245,1566,891,0,0,0
11,Симулянты,V411_Simulyanty.txt,,6616,109,998,603,0,0,0
12,У телефона,V412_U_telefona.txt,,3572,120,511,276,0,0,0
13,Детвора,V413_Detvora.txt,,9439,189,1439,784,0,0,0
14,Налим,V414_Nalim.txt,,8484,233,1274,708,0,0,0
15,Открытие,V415_Otkrytie.txt,,6455,100,970,597,0,0,0
16,Самый большой город,V416_Samyi_bolshoi_g.txt,,1161,23,173,116,0,0,0
17,Из воспоминаний идеалиста,V417_Iz_vospominanii.txt,,6983,134,1110,624,0,0,0
18,Тоска,V418_Toska.txt,,9455,219,1442,807,0,0,0
19,Переполох,V419_Perepolokh.txt,,13142,250,2013,991,0,0,0
20,В аптеке,V420_V_apteke.txt,,7256,107,1063,635,0,0,0
21,Беседа пьяного с трезвым чёртом,V421_Beseda_pyanogo_.txt,,3531,68,522,358,0,0,0
22,Лошадиная фамилия,V422_Loshadinaya_fam.txt,,6289,180,908,530,0,0,0
23,Два газетчика (Неправдоподобный рассказ),V423_Dva_gazetchika_.txt,,5509,105,844,491,0,0,0
24,На чужбине,V424_Na_chuzhbine.txt,,6900,143,1057,623,0,0,0
25,Психопаты (Сценка),V425_Psikhopaty_(Sce.txt,,6965,136,1067,595,0,0,0
26,Ряженые,V426_Ryazhenye.txt,,4853,71,728,487,0,0,0
27,Сапоги,V427_Sapogi.txt,,7262,152,1109,585,0,0,0
28,Не судьба!,V428_Ne_sudba.txt,,7431,154,1129,640,0,0,0
29,Анюта,V429_Anuta.txt,,7470,138,1136,640,0,0,0
30,Необходимое предисловие,V430_Neobkhodimoe_pr.txt,,1275,30,191,134,0,0,0
31,Нечто серьезное,V431_Nechto_sereznoe.txt,,1545,12,211,160,0,0,0
32,Актерская гибель,V432_Akterskaya_gibe.txt,,10796,237,1669,891,0,0,0
33,В вагоне (Разговорная перестрелка),V433_V_vagone_(Razgo.txt,,3540,72,505,354,0,0,0
34,Мыслитель,V434_Myslitel.txt,,5932,130,916,542,0,0,0
35,Заблудшие,V435_Zabludshie.txt,,6980,172,1068,613,0,0,0
36,Егерь,V436_Eger.txt,,8007,166,1252,689,0,0,0
37,Злоумышленник,V437_Zloumyshlennik.txt,,6758,157,1064,557,0,0,0
38,Жених и папенька (Нечто современное. Сценка),V438_ZHenikh_i_papen.txt,,8356,224,1268,672,0,0,0
39,Гость (Сценка),V439_Gost_.txt,,7274,159,1073,632,0,0,0
40,Циник,V440_Cinik.txt,,7232,183,1072,628,0,0,0
41,Моя «она»,V441_Moya_ona.txt,,1292,19,209,147,0,0,0
42,Новогодние великомученики,V442_Novogodnie_veli.txt,,4701,123,668,419,0,0,0
43,Конь и трепетная лань,V443_Kon_i_trepetnay.txt,,7842,146,1243,728,0,0,0
44,Делец,V444_Delec.txt,,1975,32,289,232,0,0,0
45,Утопленник (Сценка),V445_Utoplennik_(Sce.txt,,6204,129,903,555,0,0,0
46,Реклама,V446_Reklama.txt,,865,5,99,89,0,0,0
47,Свистуны,V447_Svistuny.txt,,6726,182,1004,619,0,0,0
48,Отец семейства,V448_Otec_semeistva.txt,,7100,163,1084,629,0,0,0
49,Староста (Сценка),V449_Starosta_(Scenk.txt,,8343,169,1347,707,0,0,0
50,Унтер Пришибеев,V450_Unter_Prishibee.txt,,7821,141,1200,621,0,0,0
51,Мертвое тело,V451_Mertvoe_telo.txt,,7903,185,1202,691,0,0,0
52,Женское счастье,V452_ZHenskoe_schast.txt,,6984,120,1087,626,0,0,0
53,Индейский петух (Маленькое недоразумение),V453_Indeiskii_petuk.txt,,6188,143,950,502,0,0,0
54,Нервы,V454_Nervy.txt,,6905,141,1028,599,0,0,0
55,Шампанское (Мысли с новогоднего похмелья),V455_SHampanskoe_(My.txt,,1681,16,247,184,0,0,0
56,Кухарка женится,V456_Kukharka_zhenit.txt,,8998,164,1387,783,0,0,0
57,Стена,V457_Stena.txt,,4450,92,671,411,0,0,0
58,После бенефиса (Сценка),V458_Posle_benefisa_.txt,,7546,229,1140,669,0,0,0
59,К свадебному Сезону (Из записной книжки комиссионера),V459_K_svadebnomu_Se.txt,,1597,26,241,170,0,0,0
60,Записка,V460_Zapiska.txt,,1312,19,208,153,0,0,0
61,Общее образование (Последние выводы зубоврачебной пауки),V461_Obschee_obrazov.txt,,8202,147,1310,715,0,0,0
62,Врачебные советы,V462_Vrachebnye_sove.txt,,564,4,78,71,0,0,0
63,Мнения по поводу шляпной катастрофы,V463_Mneniya_po_povo.txt,,1764,43,281,193,0,0,0
64,Дачники,V464_Dachniki.txt,,3256,64,497,342,0,0,0
65,Средство от запоя,V465_Sredstvo_ot_zap.txt,,10167,200,1540,832,0,0,0
66,Визитные карточки,V466_Vizitnye_kartoc.txt,,1700,23,212,177,0,0,0
67,Сонная одурь,V467_Sonnaya_odur.txt,,7401,110,1116,689,0,0,0
68,Домашние средства,V468_Domashnie_sreds.txt,,2029,28,312,215,0,0,0
69,Дорогая собака,V469_Dorogaya_sobaka.txt,,4310,135,669,377,0,0,0
70,Контрабас и флейта (Сценка),V470_Kontrabas_i_fle.txt,,8526,173,1301,722,0,0,0
71,Руководство для желающих жениться (Секретно),V471_Rukovodstvo_dly.txt,,7689,92,1097,714,0,0,0
72,Ниночка (Роман),V472_Ninochka_(Roman.txt,,8602,156,1372,749,0,0,0
73,Письма,V473_Pisma.txt,,2931,54,438,304,0,0,0
74,Вверх по лестнице,V474_Vverkh_po_lestn.txt,,1935,52,269,193,0,0,0
75,Тапер,V475_Taper.txt,,9269,210,1410,797,0,0,0
76,Писатель,V476_Pisatel.txt,,6289,104,926,603,0,0,0
77,Пересолил,V477_Peresolil.txt,,7216,174,1106,615,0,0,0
78,Без места,V478_Bez_mesta.txt,,8193,123,1273,744,0,0,0
79,Брак через 10—15 лет,V479_Brak_cherez_101.txt,,5305,104,776,475,0,0,0
80,Старость,V480_Starost.txt,,9174,198,1404,768,0,0,0
81,Горе,V481_Gore.txt,,9835,203,1549,798,0,0,0
82,"Ну, публика!",V482_Nu_publika.txt,,6518,166,928,502,0,0,0
83,Тряпка (Сцепка),V483_Tryapka_(Scepka.txt,,12325,230,1838,941,0,0,0
84,Моя беседа с Эдисоном (От нашего собственного корреспондента),V484_Moya_beseda_s_E.txt,,2652,49,397,269,0,0,0
85,Художество,V485_KHudozhestvo.txt,,10043,180,1520,854,0,0,0
86,Стража под стражей (Сценка),V486_Strazha_pod_str.txt,,7356,176,1161,646,0,0,0
87,Святая простота (Рассказ),V487_Svyataya_prosto.txt,,9124,239,1419,727,0,0,0
88,Шило в мешке,V488_SHilo_v_meshke.txt,,7768,166,1254,636,0,0,0
89,Mari d'elle,V489_Mari_d_elle.txt,,9096,222,1383,757,0,0,0
90,Антрепренер под диваном (Закулисная история),V490_Antreprener_pod.txt,,5561,124,824,467,0,0,0
91,Восклицательный знак (Святочный рассказ),V491_Vosklicatelnyi_.txt,,8420,155,1223,645,0,0,0
92,Зеркало,V492_Zerkalo.txt,,7675,189,1174,647,0,0,0
93,Мои жены (Письмо в редакцию — Рауля Синей Бороды),V493_Moi_zheny_(Pism.txt,,13077,146,1974,1139,0,0,0
94,Ночь на кладбище (Святочный рассказ),V494_Noch_na_kladbis.txt,,6543,85,994,605,0,0,0
95,Конкурс,V495_Konkurs.txt,,1295,12,183,142,0,0,0
96,Неудача,V496_Neudacha.txt,,3167,80,467,306,0,0,0
97,Надул (Очень древний анекдот),V497_Nadul_(Ochen_dr.txt,,653,9,95,83,0,0,0
98,Интеллигентное бревно (Сценка),V498_Intelligentnoe_.txt,,8596,211,1342,670,0,0,0
