word,frequency
это,558
всё,298
говорит,170
тебе,163
глаза,151
человек,132
ежели,128
дело,126
нужно,112
хо,95
чёрт,92
словно,92
лицо,89
сказал,88
брат,85
время,82
знает,77
глазами,77
стало,72
голову,69
бог,67
ваше,65
жена,64
стал,64
пять,64
день,63
лет,62
свое,60
всем,60
руки,60
иван,59
знаю,58
очень,58
ха,58
знаешь,57
могу,57
десять,57
рублей,57
деньги,55
мало,55
около,54
говорю,53
начинает,52
своего,52
стоит,52
своей,52
нешто,52
отец,51
понимаю,50
свои,50
подумал,50
глядит,49
видит,48
взял,48
такое,48
богу,48
жизнь,48
дома,48
знаете,48
сидит,47
какие,47
сказать,47
делать,46
нам,46
глядя,46
слова,45
руками,44
люди,43
давно,43
жить,43
думает,43
мои,42
сюда,42
эта,42
назад,41
спать,41
ах,41
говорил,41
кажется,40
такая,40
место,40
спросил,40
одного,40
нечего,40
долго,40
такие,39
который,39
голове,39
писать,39
почему,39
господин,39
людей,39
хе,39
тово,39
тысяч,39
идет,38
сколько,38
оно,38
немного,38
думал,38
спрашивает,37
доктор,37
рукой,37
вышел,37
этак,36
свой,36
сто,36
ка,36
отчего,36
ночь,36
денег,35
начал,35
дай,35
значит,35
сами,35
две,35
год,35
ко,35
гриша,35
кого,34
бормочет,34
вами,34
слово,34
гм,34
чай,34
одной,34
г,34
матвеич,34
дела,33
муж,33
ноги,33
которые,33
сапоги,33
никто,32
стола,32
взять,32
друг,32
одно,32
завтра,32
этих,31
сегодня,31
пить,31
час,31
голосом,31
домой,31
глаз,31
минуту,31
секретарь,31
голос,31
мной,31
должен,30
мое,30
братец,30
человека,30
говорят,30
большой,30
пока,30
таким,30
моей,30
иона,30
блины,30
знать,29
жизни,29
говорить,29
нему,29
вздохнул,29
кроме,29
думаю,29
пелагея,29
савелий,29
дьячиха,29
должно,28
пошел,28
лицом,28
ради,28
прошу,28
вместе,28
стол,28
оба,28
продолжал,28
одну,28
точно,28
будь,28
головой,28
лошадь,28
весь,28
знал,28
собой,28
нелли,28
одна,28
медленно,27
какое,27
просто,27
минут,27
молодой,27
народ,27
господи,27
места,27
своих,27
сел,27
быстро,27
таки,27
буду,27
мысли,27
часа,27
сын,27
вероятно,26
хочешь,26
хотите,26
господа,26
возьми,26
случае,26
трудно,26
руку,26
комнату,26
машенька,26
ехать,26
егор,26
выражение,25
понимаешь,25
скоро,25
ужасно,25
первый,25
лица,25
ваши,25
своими,25
публика,25
дня,25
страшно,25
андрей,25
обыкновенно,24
каждый,24
извините,24
жены,24
нем,24
город,24
тому,24
голубчик,24
проч,24
дам,24
мужа,24
дверь,24
боже,24
самый,24
сережка,24
могут,23
таком,23
пусть,23
сначала,23
продолжает,23
слышит,23
утром,23
таких,23
шесть,23
живет,23
тьфу,23
равно,23
головы,23
приятели,23
года,23
голова,23
жену,23
коли,23
иваныч,23
которая,23
дал,23
дороге,23
ходит,22
двадцать,22
пора,22
бывает,22
вместо,22
шею,22
виноват,22
выходит,22
несколько,22
двери,22
тихо,22
месяц,22
вся,22
имеет,22
самое,22
прежде,22
женщина,22
видно,22
самого,22
хочется,22
тысячи,22
видел,22
станции,22
наш,22
болен,22
вчера,21
кому,21
дети,21
проходит,21
однако,21
отца,21
мог,21
скажи,21
передней,21
хороший,21
женщины,21
сама,21
чёрту,21
дом,21
дать,21
обратился,21
барыня,21
конце,21
менее,21
душу,21
образом,21
комик,21
постой,21
сергеич,21
спит,21
рубль,21
старик,21
ученый,21
делает,20
нравится,20
прямо,20
бога,20
вздыхает,20
правда,20
столом,20
подошел,20
какого,20
м,20
груди,20
сказала,20
право,20
генерал,20
водки,20
извольте,20
помню,20
лицу,20
читать,20
хочет,20
пор,20
берет,20
дальше,20
письмо,20
церкви,20
тобой,20
думать,19
совестно,19
должны,19
насчет,19
казалось,19
никак,19
рот,19
собака,19
стоял,19
дороги,19
целый,19
угодно,19
вася,19
выпил,19
сценка,19
откуда,19
говоря,19
можете,19
сорок,19
б,19
глядел,19
токарь,19
всей,19
которой,19
жалко,19
раньше,19
те,19
мою,19
николай,19
душа,19
ваш,19
пожалуйста,19
лежит,19
матвей,19
соня,19
номер,19
почтальон,19
пьет,18
ходить,18
нашего,18
придется,18
вообще,18
например,18
глазах,18
садится,18
наши,18
стали,18
которую,18
петр,18
спрашиваю,18
иначе,18
отлично,18
приехал,18
своим,18
сторону,18
жениться,18
такую,18
будут,18
своему,18
дорогу,18
сидел,18
маленький,18
люблю,18
рук,18
тяжело,18
кричит,18
счет,18
помоев,18
мировой,18
вид,17
лице,17
слушать,17
странно,17
сидят,17
глядеть,17
права,17
молча,17
дурак,17
анюта,17
ходил,17
трех,17
едва,17
чаю,17
одним,17
ладно,17
окно,17
одном,17
кухарка,17
идти,17
сразу,17
концов,17
далеко,17
воды,17
судить,17
послушайте,17
верст,17
копейки,17
вопрос,17
другого,17
комнаты,17
постели,17
затем,17
ночи,17
извозчик,17
узелков,17
землемер,17
фигура,17
савва,17
хотя,16
плакать,16
этим,16
поднимается,16
становится,16
столько,16
пойдет,16
шел,16
позвольте,16
другая,16
свете,16
такого,16
любви,16
свет,16
давай,16
всякий,16
мысль,16
тех,16
р,16
пробормотал,16
чему,16
девица,16
действительно,16
горе,16
павел,16
месте,16
дает,16
играть,16
счастье,16
плечами,16
ночью,16
ваксин,16
стоять,16
ваша,16
мужик,16
семен,16
воду,16
возница,16
провизор,16
редакции,16
кокин,16
посудин,16
перекладин,16
мать,15
доме,15
другое,15
угол,15
обеда,15
виде,15
диван,15
увидев,15
понимает,15
хуже,15
вышла,15
небось,15
поди,15
сквозь,15
четыре,15
купить,15
задумался,15
ответил,15
пришел,15
бывало,15
доктора,15
друга,15
вздрагивает,15
моему,15
слава,15
мамаша,15
зато,15
наверное,15
конца,15
руках,15
самой,15
именно,15
каким,15
вечером,15
д,15
кончил,15
класса,15
т,15
первых,15
этому,15
легче,15
старый,15
дочь,15
двух,15
рассказ,15
невозможно,15
знак,15
кем,15
денис,15
пальто,15
баба,15
андреич,15
контрабас,15
клим,15
копеек,15
блинов,15
подтягин,15
сердито,14
сидеть,14
вверх,14
следует,14
просит,14
известно,14
слышишь,14
нынче,14
чувствует,14
самом,14
угла,14
клочков,14
лбу,14
часы,14
нос,14
пожалуй,14
волос,14
ступай,14
ногами,14
поздно,14
столе,14
комнате,14
которого,14
забыл,14
вон,14
вспомнил,14
утра,14
рюмку,14
написал,14
моего,14
тишина,14
стороны,14
достаточно,14
сделать,14
скажите,14
батенька,14
страх,14
мужчина,14
история,14
крест,14
господь,14
видеть,14
жил,14
вечера,14
глядела,14
ищет,14
дайте,14
диване,14
тело,14
выпить,14
помер,14
вовсе,14
ними,14
садитесь,14
входит,14
э,14
фон,14
увидел,14
флейта,14
власыч,14
едет,14
кнапс,14
щипцов,14
свойкин,14
пятеркин,14
громко,13
барышня,13
начинается,13
кухню,13
сына,13
старается,13
ушел,13
смех,13
вошел,13
тысячу,13
плохо,13
осталось,13
дверью,13
можешь,13
писал,13
постель,13
некогда,13
деле,13
шубу,13
спросила,13
поглядел,13
волосы,13
пяти,13
нечто,13
бывают,13
черти,13
делают,13
дают,13
должна,13
сапог,13
имею,13
узнать,13
любит,13
открыл,13
понимаете,13
полчаса,13
тридцать,13
ветер,13
еле,13
начнет,13
та,13
взгляд,13
воздух,13
улицу,13
хочу,13
неужели,13
почечуев,13
кровати,13
поезд,13
хозяйка,13
своем,13
сделал,13
кстати,13
однажды,13
нашел,13
пешком,13
прошлом,13
шапкин,13
приятно,13
случай,13
понять,13
певица,13
лавочник,13
сюсин,13
сударыня,13
француз,13
шампунь,13
меньше,12
женщин,12
болит,12
робко,12
васильевна,12
слезы,12
твой,12
мимо,12
слегка,12
силы,12
веришь,12
верно,12
слов,12
пошла,12
стала,12
нахмурился,12
губы,12
пот,12
маленькая,12
которых,12
против,12
лоб,12
словом,12
рано,12
зубы,12
превосходительство,12
дому,12
алеша,12
генеральша,12
вечер,12
пимфов,12
говорите,12
прощайте,12
слышится,12
ума,12
также,12
защитник,12
кругом,12
знакомых,12
поговорить,12
пил,12
какую,12
жалованье,12
чёрта,12
неподвижно,12
скажу,12
рубля,12
делом,12
миша,12
твои,12
вскочил,12
антрепренер,12
милость,12
послышался,12
принялся,12
повернулся,12
ловить,12
борода,12
вашего,12
вечно,12
огонь,12
барин,12
налим,12
положим,12
верите,12
пола,12
рядом,12
обед,12
молодая,12
пускать,12
жене,12
дьячок,12
берегу,12
части,12
урядник,12
судья,12
прокурор,12
вязьму,12
бахромкин,12
жилин,11
матушка,11
дни,11
хорош,11
погоди,11
телом,11
любят,11
ваших,11
жутко,11
придя,11
восьмеркин,11
читал,11
самая,11
дура,11
видал,11
послушай,11
науки,11
окна,11
сидела,11
полу,11
нарочно,11
поднял,11
говорила,11
решил,11
пришлось,11
пошли,11
вижу,11
больно,11
большую,11
кое,11
никакого,11
знаем,11
приходит,11
дамы,11
причем,11
сердце,11
делается,11
гости,11
шепчет,11
другие,11
слышал,11
туда,11
ног,11
возьму,11
чувство,11
сего,11
твоя,11
новый,11
братцы,11
талант,11
положил,11
умер,11
забормотал,11
номере,11
первого,11
случилось,11
увидишь,11
проговорил,11
напрасно,11
пожалуйте,11
извини,11
везде,11
общества,11
ждать,11
горбач,11
благородие,11
той,11
утро,11
унтер,11
советник,11
узнал,11
поставил,11
привык,11
лесу,11
болезнь,11
дорогой,11
гони,11
взаймы,11
изволь,11
одеялом,11
лаев,11
унылов,11
пошло,11
сосед,11
ефим,11
ниночка,11
зельтерский,11
обиделся,10
скуки,10
далее,10
сильно,10
будешь,10
твоему,10
достоинством,10
весело,10
подходит,10
брата,10
лошадей,10
длинный,10
плечо,10
заметил,10
каков,10
стараясь,10
лакей,10
крикнул,10
скорей,10
го,10
работа,10
сахару,10
скорее,10
плечи,10
видите,10
каких,10
одеваться,10
нечаянно,10
кабинете,10
хорошая,10
возле,10
служил,10
отсюда,10
погодя,10
кухне,10
часу,10
сил,10
тотчас,10
глядят,10
бежит,10
числа,10
иной,10
стоят,10
злобой,10
начинают,10
шее,10
внимание,10
часто,10
мыслей,10
свадьбы,10
детей,10
моих,10
падает,10
молчит,10
получил,10
суд,10
душе,10
резкий,10
кондрашкин,10
чувствуя,10
собственно,10
пустяки,10
парень,10
ужаса,10
григорий,10
скажет,10
станет,10
вашей,10
ишь,10
зря,10
почувствовал,10
видя,10
высокородие,10
руб,10
имя,10
улице,10
новые,10
платить,10
чувствовал,10
вагона,10
закрыл,10
гребешков,10
кровать,10
комика,10
ужас,10
дрянь,10
пей,10
пол,10
прошел,10
купец,10
людям,10
дама,10
стояла,10
стыдно,10
минуты,10
шаг,10
молчание,10
стихи,10
годится,10
дядя,10
никого,10
хотел,10
нерешительно,10
часов,10
лениво,10
вперед,10
милый,10
грузила,10
раза,10
ногу,10
староста,10
семеныч,10
ведьма,10
бедная,10
петрович,10
подлец,10
звонок,10
главное,10
погода,10
аптеку,10
газеты,10
слышу,10
артистка,10
зеркало,10
пойду,10
театр,10
высокий,10
большая,10
голоса,10
начинаю,10
писатель,10
знают,10
телега,10
проворчал,10
бутылку,10
нехорошо,10
любим,10
шилохвостов,10
пах,10
степан,9
отвечает,9
иметь,9
хотят,9
замечает,9
гляди,9
имеют,9
хлеба,9
стоишь,9
совести,9
губами,9
щеки,9
красный,9
магистр,9
мужики,9
сидели,9
говори,9
жаль,9
ы,9
погляди,9
хватит,9
пахнет,9
дышит,9
третий,9
кармана,9
нами,9
одеяло,9
семь,9
согласился,9
двенадцать,9
кулаками,9
котором,9
поднялся,9
неделю,9
вздохнула,9
фамилия,9
зуб,9
нашем,9
женой,9
говорили,9
спал,9
поле,9
бормотал,9
побежал,9
здоровья,9
доктору,9
воздухе,9
богом,9
знаки,9
запятая,9
наука,9
выпивает,9
учитель,9
выпьем,9
земли,9
колени,9
изредка,9
предмет,9
сзади,9
бери,9
судьи,9
шаги,9
готов,9
ест,9
решительно,9
малый,9
храни,9
потолок,9
спросить,9
милкин,9
хозяин,9
ангел,9
ездить,9
н,9
сих,9
врать,9
попал,9
показать,9
холодный,9
высокоблагородие,9
изволите,9
чувствую,9
бил,9
ответа,9
путь,9
помалу,9
оглядывается,9
первым,9
батюшка,9
легко,9
умею,9
признаться,9
водку,9
месяца,9
шапку,9
грудь,9
дней,9
очевидно,9
каком,9
живут,9
разговор,9
могла,9
согласитесь,9
постоянно,9
большие,9
наша,9
полный,9
потемках,9
врет,9
самых,9
человеку,9
белый,9
будьте,9
прошло,9
письма,9
гляжу,9
махнул,9
времени,9
яйцо,9
пьяного,9
шут,9
вскакивает,9
петровна,9
служить,9
вагон,9
надел,9
шельма,9
руке,9
радости,9
пожал,9
отправился,9
поручик,9
триста,9
евдоким,9
пуркуа,9
взглянул,9
герасим,9
корягу,9
иванович,9
вихленев,9
билеты,9
лестнице,9
аня,9
блудыхин,9
адвокат,9
гейним,9
сема,9
ждет,8
возмутительно,8
службу,8
федя,8
мальчик,8
поднимает,8
вытягивает,8
держи,8
даром,8
старуха,8
невыносимо,8
даст,8
натура,8
вашу,8
иди,8
окном,8
прости,8
согласен,8
спички,8
кулак,8
другую,8
платье,8
пальцы,8
немножко,8
художник,8
курс,8
сконфузился,8
обществе,8
имел,8
желаю,8
потихоньку,8
горло,8
мол,8
ох,8
господину,8
папа,8
улыбнулся,8
кабинет,8
яшкин,8
гость,8
оставьте,8
запятой,8
разные,8
россии,8
е,8
уехал,8
вашему,8
наступает,8
вниз,8
которое,8
характер,8
забыть,8
внимания,8
образ,8
каждую,8
теща,8
беда,8
тон,8
ел,8
поневоле,8
тепло,8
помните,8
жар,8
смерти,8
честный,8
старуху,8
бьет,8
особенно,8
спине,8
милости,8
стану,8
простите,8
самые,8
безмятежно,8
ровно,8
горя,8
бок,8
рука,8
еду,8
лежал,8
лошади,8
чей,8
неловко,8
видали,8
твое,8
вроде,8
городе,8
купца,8
хотелось,8
снова,8
никаких,8
дрожа,8
рыжий,8
вторых,8
билет,8
видели,8
судьба,8
бледное,8
стояли,8
глупо,8
нашли,8
карман,8
сладко,8
кротко,8
пойти,8
оттого,8
нужны,8
умеет,8
редакцию,8
чувства,8
спала,8
слушал,8
дачу,8
спальной,8
ожидании,8
тоска,8
ложится,8
сердится,8
коньяку,8
плевать,8
смеется,8
таперя,8
будем,8
ту,8
рыба,8
году,8
врешь,8
пишет,8
нянька,8
туман,8
помнишь,8
дали,8
направо,8
собаку,8
ученого,8
физиономию,8
готово,8
новой,8
отставной,8
работу,8
спасибо,8
иду,8
уши,8
прындин,8
писали,8
пятьдесят,8
красавица,8
принял,8
страдания,8
состоянии,8
засим,8
образование,8
видишь,8
птица,8
просил,8
бросил,8
слышатся,8
петух,8
прощай,8
грязи,8
звания,8
лезет,8
скандал,8
начальника,8
гришку,8
чудак,8
подай,8
зевнул,8
максим,8
васечка,8
двести,8
тащу,8
больного,8
мир,8
зебры,8
муркин,8
аптеке,8
холодно,8
способ,8
пришибеев,8
ставится,8
мужем,7
говоришь,7
обращается,7
мальчишка,7
скотина,7
ком,7
всему,7
затылок,7
столовой,7
глубоко,7
уйду,7
останавливается,7
желая,7
уходит,7
чувствовать,7
слишком,7
хватает,7
садясь,7
живешь,7
бледный,7
отцу,7
зимой,7
большими,7
какому,7
прошлое,7
будущее,7
искать,7
звук,7
гы,7
ручку,7
носом,7
первая,7
наших,7
считать,7
подать,7
представить,7
выйдет,7
табаку,7
сделайте,7
одолжение,7
пишу,7
приходится,7
разных,7
лег,7
ответ,7
заходил,7
лошадиная,7
больной,7
прочим,7
евсеич,7
сила,7
тещи,7
других,7
охотник,7
перо,7
васильичу,7
постойте,7
вслух,7
дороже,7
послал,7
боль,7
труд,7
встретил,7
ивана,7
судя,7
тупо,7
полдень,7
каждого,7
ставит,7
точки,7
сюртук,7
рукав,7
угрюмо,7
новую,7
язык,7
солнце,7
другу,7
составляет,7
ибо,7
строго,7
природы,7
целая,7
любовь,7
одеяла,7
кулаком,7
секретаря,7
бороду,7
лезут,7
солидно,7
честное,7
твою,7
раздается,7
смотрит,7
понятно,7
благодарю,7
ет,7
советника,7
минутку,7
глазом,7
душенька,7
верю,7
ожидал,7
узнает,7
маленькой,7
больницу,7
навстречу,7
матрена,7
твоего,7
зная,7
пожить,7
нею,7
двора,7
закрывает,7
должность,7
мере,7
таланта,7
написано,7
поглядеть,7
матери,7
годы,7
долгих,7
ходят,7
хожу,7
этакая,7
москвы,7
кассир,7
портрет,7
тела,7
лежала,7
лампу,7
ударил,7
пьяный,7
удовольствия,7
сунул,7
потерял,7
удивился,7
шум,7
федосья,7
кухарку,7
настоящий,7
корзину,7
могли,7
другим,7
лакея,7
начала,7
любила,7
здоровье,7
глядели,7
мечты,7
остановился,7
чемодан,7
прочее,7
наше,7
идя,7
последние,7
женского,7
приходилось,7
которыми,7
боли,7
дорого,7
очки,7
девочка,7
деньгами,7
ложась,7
сторож,7
розалия,7
карловна,7
возможно,7
живой,7
поедешь,7
жив,7
бегут,7
решает,7
спустя,7
полтора,7
вернулся,7
нужна,7
щука,7
убил,7
пути,7
улыбается,7
молчи,7
видимо,7
извозчика,7
норовит,7
вокзал,7
кладбище,7
церковь,7
поедем,7
софья,7
отворяется,7
роман,7
англии,7
петра,7
заплачу,7
переднюю,7
глазки,7
университете,7
нисколько,7
рассказал,7
стены,7
хороша,7
вера,7
красная,7
лес,7
дивана,7
землю,7
фоне,7
картина,7
велено,7
знакомые,7
маслов,7
публики,7
бас,7
получает,7
театре,7
довольно,7
пальцем,7
митька,7
басом,7
играют,7
уснуть,7
сапогах,7
держит,7
женский,7
публику,7
смехом,7
смешно,7
козявкин,7
имеете,7
хриплым,7
мирового,7
отошел,7
болезненный,7
съел,7
шабаш,7
держать,7
порошок,7
услышал,7
сичас,7
запах,7
настройщик,7
милка,7
камышев,7
фармацевт,7
полковник,7
молчал,7
батя,7
ершаков,7
нянин,7
сером,6
желал,6
целые,6
оставить,6
играл,6
обедом,6
обедать,6
оставил,6
всякого,6
бледнеет,6
прав,6
подбородок,6
плачешь,6
желает,6
болван,6
французски,6
боюсь,6
кусок,6
глазам,6
молчании,6
тарелки,6
гувернантки,6
тэк,6
вздох,6
искренно,6
громче,6
проснувшись,6
кофе,6
нового,6
важная,6
чики,6
запахом,6
народа,6
свиньи,6
слушай,6
сильнее,6
кабак,6
кровь,6
смотри,6
уху,6
зашептал,6
песни,6
девчонка,6
вышли,6
медик,6
красными,6
состоит,6
третье,6
ясно,6
думала,6
молчала,6
удовольствием,6
видела,6
обязательно,6
глупая,6
окне,6
сурово,6
кричал,6
больному,6
прислуга,6
послать,6
советами,6
схватил,6
света,6
почесывая,6
отвечал,6
плачущим,6
краю,6
закричал,6
природа,6
видимому,6
неожиданно,6
хвост,6
милостивый,6
противно,6
требует,6
вызывает,6
ухо,6
визг,6
приносит,6
мнению,6
густой,6
лишний,6
статьи,6
весьма,6
многие,6
мужей,6
дочери,6
галстук,6
горничная,6
брак,6
рыбы,6
мужчин,6
тошно,6
пришли,6
прическа,6
желание,6
черные,6
редко,6
походка,6
брови,6
собою,6
читает,6
чтение,6
дремлет,6
пристава,6
бумагах,6
остается,6
палец,6
ящик,6
обоих,6
гостей,6
массу,6
получал,6
чувствуешь,6
глаша,6
вертится,6
уютно,6
открывает,6
сон,6
привидение,6
желаете,6
председатель,6
будете,6
взяли,6
рад,6
айда,6
придет,6
пьяница,6
разу,6
бросило,6
другом,6
григория,6
плетется,6
пустить,6
духу,6
поезжай,6
особливо,6
точку,6
сделаю,6
господина,6
машинально,6
помнит,6
воля,6
получить,6
готова,6
миру,6
житья,6
ошалел,6
вашескородие,6
гимназии,6
нашей,6
подавать,6
бумаге,6
личность,6
сказано,6
прочел,6
мечтал,6
черта,6
молитвы,6
бумаги,6
собственного,6
тайна,6
вышло,6
беспокойство,6
недели,6
подал,6
мешает,6
дикобразов,6
й,6
знаменитость,6
показалась,6
квартиру,6
актеров,6
сует,6
парикмахер,6
федор,6
пару,6
здорово,6
смел,6
пойдем,6
караул,6
некому,6
кусочек,6
наступило,6
ужаснулся,6
переполох,6
страха,6
пропала,6
брошку,6
близко,6
низко,6
захотелось,6
ответила,6
горлу,6
найду,6
поскорее,6
сердцем,6
гордость,6
надеюсь,6
никому,6
человеческого,6
синей,6
синяя,6
мною,6
этими,6
двумя,6
второй,6
которому,6
насколько,6
ставлю,6
глупый,6
никакой,6
вновь,6
одежде,6
боясь,6
города,6
ваксина,6
клавдия,6
огонек,6
темно,6
постепенно,6
чепуха,6
капель,6
нижнем,6
выйду,6
спины,6
лошаденка,6
бранится,6
накажи,6
кашляет,6
вашим,6
днем,6
огнем,6
укрылся,6
заболел,6
деревне,6
застал,6
хрипит,6
отродясь,6
мигая,6
найдешь,6
тащи,6
ум,6
мигает,6
кажись,6
верьте,6
кузьма,6
подальше,6
всеми,6
публике,6
кухарки,6
жалованья,6
старика,6
сидя,6
делай,6
супруга,6
погодите,6
дикая,6
залу,6
губ,6
ай,6
стул,6
широко,6
честь,6
положение,6
помощник,6
веки,6
супруги,6
мебель,6
глядите,6
сию,6
сцену,6
вне,6
думают,6
умереть,6
образованный,6
условия,6
кишки,6
любишь,6
спи,6
моде,6
калоши,6
краснея,6
соглашается,6
примеру,6
восторга,6
болезни,6
съесть,6
даче,6
великолепная,6
горячей,6
слушайте,6
налево,6
иваныча,6
дух,6
саввич,6
артист,6
коп,6
одному,6
актеры,6
кролик,6
пальцами,6
вина,6
обидно,6
вдоль,6
ученик,6
петя,6
п,6
шестикрылов,6
расписался,6
карты,6
арест,6
перебил,6
третьего,6
едем,6
подумать,6
тигров,6
слышно,6
куплю,6
купил,6
пива,6
вино,6
пристал,6
осип,6
выпивши,6
рыбкин,6
всюду,6
очередь,6
варя,6
знаком,6
почта,6
почту,6
недаром,6
понял,6
савелия,6
ямщик,6
трубку,6
генеральше,6
воде,6
заходи,6
вторник,6
восемь,6
едешь,6
радость,6
лед,6
наверху,6
круг,6
недоразумение,6
маркел,6
вагоне,6
границу,6
чаем,6
партия,6
получаешь,6
катюша,6
щипцова,6
редактор,6
перегарин,6
захар,6
звоню,6
мертвое,6
восклицательный,6
утопленника,6
кружить,6
семечкин,6
хорошего,5
просыпается,5
комнатам,5
спор,5
работает,5
институтка,5
ага,5
перестает,5
лука,5
ивановна,5
гувернантка,5
ешь,5
человеком,5
ве,5
посторонних,5
благодаря,5
городу,5
думаешь,5
нежно,5
виноваты,5
полное,5
добра,5
поворачивает,5
столовую,5
диваном,5
взглянешь,5
баню,5
выпьешь,5
хлеб,5
филька,5
ухмыльнулся,5
серьезно,5
десяток,5
крепко,5
кучер,5
ножки,5
понимаем,5
водкой,5
скажешь,5
остановилась,5
формы,5
кося,5
восторг,5
начали,5
каша,5
петька,5
табурете,5
брюнетка,5
бледная,5
мужской,5
грязный,5
ребра,5
получив,5
непременно,5
холодные,5
ладони,5
занятие,5
забыли,5
послышалось,5
обращаясь,5
картину,5
полно,5
искусства,5
живете,5
поморщился,5
художника,5
расстаться,5
милая,5
садись,5
сахар,5
необходимо,5
век,5
уйти,5
уходить,5
щеку,5
ушах,5
зубами,5
помогает,5
думай,5
простая,5
припоминать,5
саду,5
ходили,5
терпеть,5
сделав,5
поехал,5
людьми,5
квартиры,5
яшкина,5
графин,5
третья,5
препинания,5
умный,5
прокурора,5
государь,5
точка,5
ять,5
обижается,5
прочитав,5
слышать,5
разговора,5
собаки,5
столу,5
порцию,5
задумчиво,5
кошка,5
лепечет,5
фыркая,5
последней,5
дыбом,5
руководство,5
тайну,5
своею,5
наружности,5
цвет,5
замуж,5
бьют,5
щекам,5
объяснения,5
задыхаясь,5
другими,5
рыжие,5
означают,5
дочек,5
чужих,5
выйти,5
маленькие,5
барышни,5
печь,5
побольше,5
рояль,5
суда,5
тощий,5
мечтать,5
присяжные,5
осторожно,5
моем,5
принимается,5
законов,5
звонят,5
жужжит,5
обыкновению,5
работы,5
положить,5
локоть,5
стакан,5
суде,5
коллежский,5
самих,5
качестве,5
вашем,5
стакана,5
папенька,5
романсы,5
шляпе,5
дачи,5
свадьба,5
можем,5
делали,5
настасья,5
найти,5
запой,5
судьбы,5
пропасть,5
наказание,5
окаменел,5
кресло,5
идите,5
живу,5
бежать,5
сумасшедший,5
известный,5
мужика,5
проехать,5
кружатся,5
неба,5
беспокойно,5
гришка,5
взглянет,5
захочет,5
москве,5
бить,5
комиссия,5
успел,5
умерла,5
зло,5
просить,5
изо,5
сани,5
темный,5
разом,5
стук,5
брать,5
канцелярии,5
инспектора,5
меньшей,5
обращаться,5
объявление,5
красным,5
брюках,5
почерк,5
чисто,5
думали,5
лицам,5
брюки,5
кузьмич,5
пишешь,5
родился,5
классе,5
средства,5
заглядывая,5
каждое,5
строки,5
зовут,5
знали,5
несмотря,5
физиономия,5
дикобразова,5
театра,5
повесить,5
проклятый,5
важность,5
трагик,5
окну,5
обрадовался,5
представьте,5
гребешкова,5
сделай,5
чиновников,5
анафема,5
покажу,5
благодарить,5
среди,5
водка,5
посыпались,5
движениями,5
крякнул,5
вытаращил,5
предложил,5
повалился,5
подушку,5
увидите,5
великому,5
эй,5
чудеса,5
плакала,5
поднимая,5
вошла,5
обыск,5
полная,5
рукавом,5
украли,5
женщину,5
вести,5
подают,5
заплакала,5
оскорбили,5
умоляю,5
журнала,5
жен,5
последний,5
сделала,5
которым,5
углу,5
ничто,5
чая,5
взор,5
настолько,5
любить,5
души,5
зубах,5
бедного,5
случайно,5
петь,5
стою,5
самому,5
языка,5
мигал,5
глуп,5
смотреть,5
начинал,5
серьезное,5
ошибке,5
всяком,5
нервы,5
образы,5
дернул,5
опрометью,5
подери,5
сном,5
снег,5
бросили,5
военный,5
злобно,5
попасть,5
пес,5
проходят,5
вытирая,5
заместо,5
сыну,5
заявляет,5
шагов,5
грязной,5
тянется,5
водой,5
неделя,5
расстановкой,5
осталась,5
приказал,5
скажем,5
слушает,5
следователь,5
гайку,5
брось,5
крючок,5
спрашиваете,5
ведет,5
помилуй,5
щурит,5
понимать,5
железной,5
спросите,5
молчания,5
женится,5
целую,5
пелагею,5
верочка,5
хорошие,5
скажут,5
сорока,5
взялся,5
папаша,5
замелькали,5
знай,5
посреди,5
шампанского,5
горничной,5
пятнадцать,5
трактир,5
незачем,5
новым,5
ворота,5
памятник,5
снял,5
нервно,5
калош,5
старательно,5
слабо,5
носили,5
строк,5
впечатление,5
книгу,5
одни,5
нескромный,5
прежнему,5
квартира,5
ночевать,5
пройти,5
ненавистью,5
толпе,5
удивительно,5
генерала,5
коленях,5
сознание,5
поедемте,5
камень,5
стонет,5
мертвого,5
порядочный,5
усмехнулся,5
граф,5
нужен,5
тысяча,5
рада,5
никиткин,5
ставить,5
узнав,5
дадут,5
снимает,5
рекомендую,5
пеплов,5
берите,5
кончилась,5
одет,5
ногах,5
оказия,5
презрительно,5
глухим,5
ими,5
оттуда,5
встречи,5
кармане,5
приятеля,5
чаще,5
плачу,5
огня,5
целых,5
объяснять,5
дождь,5
картузик,5
звука,5
деревни,5
поры,5
грех,5
глядишь,5
обрывается,5
рода,5
известен,5
газету,5
клетке,5
удава,5
тапер,5
фигуры,5
доброго,5
описывает,5
съешь,5
добро,5
козявкина,5
крик,5
кур,5
версты,5
человеческие,5
действием,5
стегнул,5
этакое,5
разбойник,5
испугался,5
карманах,5
пошутил,5
наплевать,5
нашим,5
всякой,5
ход,5
прочие,5
общее,5
ильич,5
чепуху,5
ученому,5
машина,5
недурно,5
выеденное,5
ем,5
маслом,5
всяких,5
хорошее,5
полторы,5
видать,5
отпустите,5
теста,5
побледнел,5
вокруг,5
пустите,5
взглянуть,5
хватай,5
налима,5
показывается,5
ловко,5
минута,5
предрассудки,5
дрожжи,5
прыжок,5
начальник,5
кричу,5
дубов,5
мужеского,5
камышева,5
гадюкин,5
ехали,5
толстый,5
встретился,5
вой,5
папиросу,5
шляпки,5
нынешний,5
чувством,5
счастлив,5
наверх,5
иордани,5
провизора,5
фляжкин,5
платформе,5
саша,5
обер,5
вашш,5
гадко,5
девять,5
копейку,5
балалайкин,5
правильно,5
сигаев,5
чувств,5
карточки,5
агент,5
критика,5
парфений,5
рекламу,5
тим,5
базар,5
посудина,5
дурачок,5
замухришин,5
крупинки,5
долбоносов,5
надул,5
городовой,5
синклетеев,5
случается,4
настроении,4
одевается,4
дверей,4
бумагу,4
анфиса,4
поймешь,4
неприятно,4
истины,4
начинай,4
городом,4
обязан,4
отдавать,4
роде,4
домочадцы,4
ложку,4
морщится,4
вкус,4
провизию,4
восторге,4
смею,4
поглядите,4
хорошенько,4
слезами,4
ааа,4
стула,4
твоим,4
молчать,4
этакого,4
взвизгивает,4
салфетку,4
платок,4
правду,4
замечаю,4
произошло,4
извинения,4
судьбу,4
спальную,4
поцелуй,4
серьезным,4
отходит,4
холодного,4
полки,4
сатана,4
людской,4
господ,4
ребята,4
французу,4
закуривая,4
замигал,4
словах,4
вывеска,4
смысл,4
истина,4
звон,4
смейся,4
рака,4
рассказывать,4
остальные,4
печи,4
танцев,4
выше,4
правы,4
интеллигент,4
лакею,4
комнат,4
выступил,4
спину,4
пробили,4
книги,4
границы,4
стенке,4
потолку,4
тощая,4
встань,4
дрожь,4
дурно,4
сиди,4
четвертый,4
пятый,4
шестой,4
штука,4
развитой,4
подпер,4
больных,4
скрыть,4
смущении,4
снимай,4
коридоре,4
самовар,4
предложение,4
средство,4
приказчик,4
уезде,4
идут,4
фамилии,4
фамилию,4
нетерпеливо,4
собачья,4
ой,4
батюшки,4
белого,4
сад,4
породы,4
истинно,4
экий,4
успокоился,4
овса,4
овес,4
надумал,4
генералу,4
твоей,4
уездного,4
жилетки,4
языке,4
лишних,4
знаков,4
рюмки,4
мухи,4
запятых,4
товарищ,4
тюрьму,4
ряд,4
напиши,4
лекарь,4
пороть,4
помилуйте,4
сочинение,4
наук,4
хватая,4
феона,4
новых,4
повторяет,4
локтями,4
громкое,4
тень,4
повернувшись,4
отцов,4
жили,4
составляют,4
блондинки,4
чужим,4
блондинка,4
логика,4
ушли,4
теле,4
гладко,4
женщине,4
волосами,4
зависть,4
щеках,4
многое,4
длинные,4
мебели,4
лучшей,4
существует,4
белье,4
одурь,4
зале,4
тихим,4
влиянием,4
порядок,4
судебного,4
встряхивает,4
колька,4
нарисовал,4
видят,4
лампа,4
проценты,4
копейка,4
обедают,4
защитника,4
надя,4
достоинства,4
выражением,4
игра,4
нож,4
обо,4
просят,4
председателя,4
находят,4
показал,4
скачут,4
прыгает,4
засыпая,4
поет,4
окончательно,4
жених,4
обедаете,4
привел,4
живем,4
побагровел,4
балясы,4
взглядами,4
бросает,4
новая,4
беден,4
получаете,4
беру,4
растрату,4
обомлел,4
потянулся,4
подумав,4
боится,4
живется,4
лишь,4
плеч,4
узнаете,4
ужаленный,4
промычал,4
уходите,4
направился,4
некуда,4
оставалось,4
придумал,4
дорога,4
ветра,4
ушла,4
хлещет,4
постарается,4
чертей,4
вовремя,4
лошаденке,4
завсегда,4
оправдание,4
найдете,4
вопросов,4
доселе,4
пьяном,4
началось,4
привычке,4
собак,4
соседа,4
порошками,4
старухе,4
молчишь,4
грязно,4
строгим,4
вожжи,4
оглядываясь,4
нащупывает,4
плачет,4
вспоминает,4
красивой,4
стучит,4
поднимет,4
панихида,4
темное,4
избу,4
лень,4
лежи,4
отдать,4
машет,4
персона,4
податного,4
бедности,4
жизнеописание,4
написать,4
объявления,4
куска,4
духом,4
возможности,4
фуражку,4
маленькое,4
гораздо,4
колоть,4
лист,4
некоторого,4
перестал,4
ждал,4
придавая,4
крылатку,4
клеопатра,4
берут,4
запоя,4
печатали,4
окаянный,4
висит,4
жду,4
прокл,4
львович,4
лечится,4
ухватиться,4
фигуру,4
длинной,4
купцов,4
россию,4
подлая,4
удивлением,4
дьявол,4
убью,4
пали,4
вытащил,4
страстно,4
пущай,4
узнали,4
муки,4
москву,4
швейцар,4
замечая,4
мерзко,4
густыми,4
обратно,4
шерсти,4
уходя,4
волнение,4
страшном,4
лиза,4
обыскивали,4
брошка,4
бояться,4
горько,4
обиды,4
тяжелый,4
точь,4
столице,4
лежат,4
стыда,4
доброту,4
показалось,4
некстати,4
взяла,4
имеешь,4
опустил,4
дышала,4
шумом,4
душно,4
заметно,4
рукам,4
смертью,4
имение,4
барина,4
поднимаясь,4
остались,4
останется,4
рауля,4
печать,4
греха,4
автор,4
тайны,4
ложь,4
считаю,4
автору,4
женился,4
стоило,4
револьвер,4
держу,4
отрывая,4
желудок,4
вынес,4
увидав,4
пушек,4
гаммы,4
открытие,4
приставать,4
примите,4
незаметно,4
духов,4
блюдечко,4
духами,4
дяди,4
товарища,4
открытое,4
осипыч,4
косясь,4
состояние,4
зашел,4
понимай,4
последовало,4
спите,4
покой,4
захотел,4
благородный,4
вернуться,4
шапки,4
телу,4
огней,4
выборгскую,4
дергает,4
кнутом,4
кривит,4
умеешь,4
иголках,4
шевелит,4
улыбкой,4
неделе,4
калошами,4
молодые,4
подходят,4
погоняй,4
шапка,4
хохочет,4
холера,4
дождавшись,4
смерть,4
рассказать,4
приехали,4
темном,4
обе,4
громадная,4
двору,4
путем,4
мучился,4
рисовать,4
нету,4
латаных,4
григорьев,4
отвечай,4
вопросы,4
гайки,4
гайка,4
чаво,4
отвинчивал,4
вру,4
плавать,4
реке,4
ловят,4
тяжелая,4
рельсов,4
токмо,4
спаси,4
царица,4
недоверчиво,4
бревно,4
образованные,4
штук,4
статья,4
вопросительно,4
чиновника,4
камеры,4
покойник,4
носу,4
аксинья,4
гостю,4
извозчике,4
фи,4
кухни,4
выходи,4
видала,4
цыплят,4
пелагеи,4
охота,4
выходить,4
удивления,4
играет,4
двор,4
мама,4
поставить,4
явился,4
слез,4
помнить,4
клубе,4
недавно,4
голубушка,4
старостой,4
поехали,4
михайловна,4
приняла,4
прихожу,4
десяти,4
жиру,4
сижу,4
возьмите,4
пятьсот,4
бежала,4
давайте,4
занят,4
писем,4
остановились,4
пахло,4
плач,4
русских,4
субъект,4
мерзость,4
вытирает,4
делаете,4
берется,4
четвертого,4
обеими,4
тарантулов,4
погружается,4
воротник,4
встает,4
часам,4
кладет,4
беседа,4
чиновник,4
лахматов,4
пальцев,4
ближе,4
ездит,4
налил,4
печке,4
чиновники,4
мужья,4
пустят,4
бесплатно,4
статского,4
катенька,4
степени,4
веков,4
родителей,4
деревню,4
бестия,4
тварь,4
многих,4
журналы,4
неизвестно,4
дольская,4
каучукова,4
грехи,4
индюков,4
ногой,4
спасения,4
алексеич,4
кончился,4
подходя,4
коридор,4
море,4
вспыхивает,4
потемки,4
спят,4
темных,4
лукич,4
одетый,4
выговорить,4
дует,4
ездил,4
ближнего,4
отдувается,4
шести,4
свободен,4
уснула,4
является,4
чудной,4
букин,4
прежние,4
толку,4
хриплый,4
капитал,4
трава,4
миллион,4
разными,4
пьян,4
простил,4
прячет,4
ста,4
спокойной,4
щупкин,4
подает,4
волнения,4
единственное,4
бежал,4
жирное,4
матвея,4
недоумевает,4
делая,4
касательно,4
слушаю,4
лестницы,4
истории,4
зевая,4
табак,4
занимается,4
похожие,4
службе,4
стене,4
смысле,4
ужин,4
жуков,4
глазками,4
выразиться,4
сливками,4
прощаясь,4
похож,4
читатель,4
поздравить,4
жирными,4
поезда,4
ждала,4
бумажку,4
пускают,4
пара,4
флейты,4
фраке,4
человечка,4
цыпочках,4
зубной,4
сопя,4
вещь,4
никакая,4
луна,4
свободу,4
свинья,4
утрам,4
душой,4
небе,4
красной,4
попала,4
эх,4
снимая,4
терпит,4
разговоры,4
поделаешь,4
удочку,4
веру,4
вечеру,4
взглядом,4
исчезает,4
глазу,4
фрак,4
заяц,4
делам,4
детям,4
форме,4
инженер,4
будущем,4
психологией,4
лев,4
насмешливо,4
молодости,4
помирать,4
месяцев,4
шипит,4
молодость,4
масса,4
тошнит,4
рублев,4
босиком,4
гнусно,4
остался,4
оглашается,4
смеха,4
женских,4
посади,4
партнеров,4
поможет,4
ласково,4
попали,4
портфель,4
лай,4
карточка,4
сударь,4
позвать,4
приедет,4
повестку,4
стуле,4
щиблеты,4
скажете,4
лакеи,4
жалобы,4
понимал,4
добрый,4
станцию,4
почтовых,4
телегу,4
разбирать,4
темная,4
возьмешь,4
нога,4
украл,4
стон,4
сходи,4
перчатки,4
касторки,4
челаэк,4
горячую,4
получать,4
францыч,4
зубов,4
пользу,4
прилично,4
золотых,4
обстановку,4
круги,4
закажи,4
принять,4
номера,4
шлепкин,4
допустим,4
негодование,4
будущего,4
третьих,4
кассиры,4
поводу,4
шея,4
служит,4
костюме,4
евдокиму,4
америку,4
рады,4
приговор,4
хохоча,4
доброе,4
кончится,4
супруг,4
благообразный,4
гору,4
съест,4
горы,4
прикажете,4
страна,4
веря,4
неподвижный,4
кружит,4
мастер,4
дьячихи,4
терпения,4
тюки,4
тепле,4
сени,4
чаи,4
прислали,4
наступила,4
х,4
отвечать,4
белую,4
узел,4
показывай,4
благородного,4
относительно,4
горбатый,4
уйдет,4
берегом,4
рыбку,4
движение,4
служат,4
род,4
исключительно,4
банку,4
либо,4
ревматический,4
разберет,4
пустяка,4
столь,4
будучи,4
половину,4
нравятся,4
сидите,4
ударило,4
французы,4
франция,4
французов,4
цивилизация,4
председатели,4
мировому,4
святочный,4
покрутил,4
нелепо,4
деревянный,4
иванова,4
больны,4
письмами,4
верит,4
иордань,4
колышки,4
аналой,4
индейский,4
угодить,4
рыбу,4
углы,4
капли,4
индейскому,4
петуху,4
аптеки,4
подобное,4
балбинский,4
картонки,4
оказывается,4
привезли,4
просим,4
кондуктор,4
де,4
бабкова,4
какими,4
грызодубов,4
вспомнить,4
вечере,4
кухаркин,4
ужином,4
самолюбия,4
игры,4
стороне,4
дяде,4
службы,4
закуска,4
поэт,4
пьют,4
способы,4
лиц,4
ножом,4
поверенного,4
простой,4
склянку,4
брама,4
глинский,4
визитные,4
корреспондент,4
небрежно,4
манер,4
кои,4
ставите,4
штучку,4
купцу,4
телефона,4
кабинеты,4
славянский,4
эрмитажем,4
хохрюков,4
ждут,4
подтыкин,4
аристарха,4
запятые,4
ставятся,4
знака,4
гривен,4
мраморной,4
ступки,4
луки,4
пятеркина,4
чашки,4
