0	file:/Applications/Mallet-202108/sample-data/vol4_lemma_corpus/lemma_V496_Neudacha.txt	2.9103289408549904E-4	3.688710632337302E-4	0.43153285945374903	2.848809895331983E-4	5.661652240402254E-4	3.74180828776908E-4	0.5665820095465814
1	file:/Applications/Mallet-202108/sample-data/vol4_lemma_corpus/lemma_V456_Kukharka_zhenit.txt	0.01944265697115487	1.3348253378331175E-4	0.44363962682354	0.007838025860126397	0.0014940330275346188	0.03494261877248507	0.4925095560113757
2	file:/Applications/Mallet-202108/sample-data/vol4_lemma_corpus/lemma_V465_Sredstvo_ot_zap.txt	0.0024790880081406045	0.4657651075577161	1.569756432697895E-4	0.008431530211264327	1.8926169959482416E-4	0.0036977830265304	0.5192802538534839
3	file:/Applications/Mallet-202108/sample-data/vol4_lemma_corpus/lemma_V427_Sapogi.txt	1.362233228793144E-4	1.7265691600126283E-4	0.498801383406107	1.3334381029781015E-4	2.65004092955944E-4	1.7514224986111605E-4	0.5003162462018975
4	file:/Applications/Mallet-202108/sample-data/vol4_lemma_corpus/lemma_V495_Konkurs.txt	7.122267418345627E-4	9.027152629930186E-4	0.08833219106069592	6.971715675762358E-4	0.7337228147155598	0.05322551478669762	0.12240736586464276
5	file:/Applications/Mallet-202108/sample-data/vol4_lemma_corpus/lemma_V407_Rybe_delo_(Gust.txt	0.503709158242702	0.06021741451716552	2.8243473527358136E-4	1.7134398022810993E-4	0.17175639330967082	2.2505409235184118E-4	0.2636382011226081
6	file:/Applications/Mallet-202108/sample-data/vol4_lemma_corpus/lemma_V440_Cinik.txt	1.3246818780765366E-4	1.6789745171176285E-4	2.1373824672574654E-4	1.296680519323958E-4	0.006743821732357122	0.4817649283117697	0.5108474780176956
7	file:/Applications/Mallet-202108/sample-data/vol4_lemma_corpus/lemma_V472_Ninochka_(Roman.txt	0.0031317728076071206	0.0016602083564585144	1.9830358964048527E-4	1.2030434680638524E-4	0.33572815398360206	1.580153883459884E-4	0.6590032415275394
8	file:/Applications/Mallet-202108/sample-data/vol4_lemma_corpus/lemma_V458_Posle_benefisa_.txt	1.2421034169869387E-4	0.4334848732477013	2.0041416055629628E-4	1.2158476162830312E-4	2.4163445907696756E-4	1.5969716669149517E-4	0.5656675858626469
9	file:/Applications/Mallet-202108/sample-data/vol4_lemma_corpus/lemma_V462_Vrachebnye_sove.txt	0.07744965010203955	0.5712111785863964	0.002501129406992271	0.001517353972925845	0.07891508005094984	0.001992989311317886	0.2664126185693782
10	file:/Applications/Mallet-202108/sample-data/vol4_lemma_corpus/lemma_V428_Ne_sudba.txt	1.350969540889481E-4	1.7122929437587481E-4	2.1797977750618924E-4	0.46317080856286336	0.0019165220634355994	0.04813125997830752	0.48625710336942246
11	file:/Applications/Mallet-202108/sample-data/vol4_lemma_corpus/lemma_V416_Samyi_bolshoi_g.txt	0.018636258010177067	9.269598064751466E-4	0.0011800462830214263	0.37671885334432725	0.010375204356842317	9.403030576295853E-4	0.5912223751415271
12	file:/Applications/Mallet-202108/sample-data/vol4_lemma_corpus/lemma_V484_Moya_beseda_s_E.txt	4.239375576992083E-4	5.373217283379567E-4	0.09928224513636512	4.1497629096921856E-4	0.4938158095358994	0.0264919560814749	0.3790337536692541
13	file:/Applications/Mallet-202108/sample-data/vol4_lemma_corpus/lemma_V408_Ivan_Matveich.txt	0.378804730723202	1.338275830744991E-4	1.703663318189816E-4	1.0335571990623252E-4	0.007960337783231818	1.3575398273053685E-4	0.6126916278760359
14	file:/Applications/Mallet-202108/sample-data/vol4_lemma_corpus/lemma_V414_Nalim.txt	0.6699644966505636	0.0013921292158134869	0.011519866601647609	0.001362387722883579	2.0048320314601056E-4	1.3250013940046163E-4	0.3154281364665453
15	file:/Applications/Mallet-202108/sample-data/vol4_lemma_corpus/lemma_V497_Nadul_(Ochen_dr.txt	0.00155012069712457	0.02093959040076273	0.7235466587536846	0.001517353972925845	0.003015550646034863	0.001992989311317886	0.24743773621814946
16	file:/Applications/Mallet-202108/sample-data/vol4_lemma_corpus/lemma_V474_Vverkh_po_lestn.txt	5.606904362454436E-4	7.106498322560092E-4	0.1656252970054207	5.488384630930325E-4	0.15894800793142552	7.208793795658427E-4	0.6728856369519933
17	file:/Applications/Mallet-202108/sample-data/vol4_lemma_corpus/lemma_V476_Pisatel.txt	0.015671269581306085	0.00601810170917787	0.008012027606171045	1.5506351736892295E-4	0.518049789080351	0.0021427774861690393	0.44995097101945586
18	file:/Applications/Mallet-202108/sample-data/vol4_lemma_corpus/lemma_V470_Kontrabas_i_fle.txt	1.1692164138971686E-4	0.004441873508187268	0.43957530213748464	1.1445013114965252E-4	2.2745527614865667E-4	1.503260887901831E-4	0.5553736712168499
19	file:/Applications/Mallet-202108/sample-data/vol4_lemma_corpus/lemma_V469_Dorogaya_sobaka.txt	2.3031578575400855E-4	2.919148676906422E-4	3.716159559139091E-4	2.254473301270286E-4	0.0032673222570543067	0.38653665134566084	0.6090767324577993
20	file:/Applications/Mallet-202108/sample-data/vol4_lemma_corpus/lemma_V420_V_apteke.txt	1.2932267745733585E-4	0.5558063136814224	2.0866294616897564E-4	0.009624749767355336	0.008166713764631676	1.6627009391047994E-4	0.4258979670690537
21	file:/Applications/Mallet-202108/sample-data/vol4_lemma_corpus/lemma_V417_Iz_vospominanii.txt	1.4700938142644411E-4	0.3816862800660748	0.14239991863011175	0.001943429948162535	2.8598691440997754E-4	1.8900987928865279E-4	0.4733483651805258
22	file:/Applications/Mallet-202108/sample-data/vol4_lemma_corpus/lemma_V492_Zerkalo.txt	1.1725728494297145E-4	0.001583953767449137	0.004495201706765636	0.3546426345518822	0.0030987791231400054	0.0015860930743932303	0.6344760804914268
23	file:/Applications/Mallet-202108/sample-data/vol4_lemma_corpus/lemma_V452_ZHenskoe_schast.txt	1.426455713448229E-4	1.807968261899969E-4	2.3015951850043558E-4	1.396303041446007E-4	0.23425638326106785	0.12066506427866984	0.6443853202400824
24	file:/Applications/Mallet-202108/sample-data/vol4_lemma_corpus/lemma_V431_Nechto_sereznoe.txt	5.645652503194469E-4	7.155609842816312E-4	0.12530515642382514	5.526313706649682E-4	0.6783557429350103	7.258612258486243E-4	0.19378048181004984
25	file:/Applications/Mallet-202108/sample-data/vol4_lemma_corpus/lemma_V450_Unter_Prishibee.txt	0.0016421606888997618	0.0031934698336982576	2.001099040198875E-4	1.2140017907011245E-4	2.412676244012555E-4	0.5360624919855606	0.4585390997843501
26	file:/Applications/Mallet-202108/sample-data/vol4_lemma_corpus/lemma_V413_Detvora.txt	9.869901365168671E-5	1.2509654697356133E-4	0.5595398257398193	9.661269652489131E-5	1.9200561280966461E-4	1.2689726652273848E-4	0.4398208631236981
27	file:/Applications/Mallet-202108/sample-data/vol4_lemma_corpus/lemma_V494_Noch_na_kladbis.txt	0.02131933416006584	1.827110287067684E-4	2.325963529231232E-4	0.45717204063979305	2.804357424936888E-4	1.85341087882679E-4	0.5206275409881348
28	file:/Applications/Mallet-202108/sample-data/vol4_lemma_corpus/lemma_V424_Na_chuzhbine.txt	1.4807524366029927E-4	1.8767869088887908E-4	0.00930179631239782	1.4494520309076412E-4	0.43711868282338245	1.9038025776521345E-4	0.5529084414688146
29	file:/Applications/Mallet-202108/sample-data/vol4_lemma_corpus/lemma_V443_Kon_i_trepetnay.txt	1.2516185161141704E-4	1.5863700021016337E-4	0.3081529458452347	1.2251615835697527E-4	0.018628619607695115	1.609205224528807E-4	0.6726511990144387
30	file:/Applications/Mallet-202108/sample-data/vol4_lemma_corpus/lemma_V411_Simulyanty.txt	1.508087659463747E-4	0.4524699601664707	2.4333088387270313E-4	1.4762094370151258E-4	0.002139414091493326	1.9389474583604772E-4	0.5446549704026793
31	file:/Applications/Mallet-202108/sample-data/vol4_lemma_corpus/lemma_V466_Vizitnye_kartoc.txt	0.12023656659405536	6.524370086259307E-4	0.20876844289130253	0.19583945709724707	0.38537140483472443	6.618286033938316E-4	0.08846986297065083
32	file:/Applications/Mallet-202108/sample-data/vol4_lemma_corpus/lemma_V410_Pervyi_debut_(R.txt	9.436661546814364E-5	0.0012747383342952773	1.5226112226197737E-4	0.524522711456558	1.835775167488237E-4	0.08444602928364461	0.38932631567102305
33	file:/Applications/Mallet-202108/sample-data/vol4_lemma_corpus/lemma_V482_Nu_publika.txt	1.578000768414788E-4	2.0000447820781532E-4	0.002186227376992077	1.5446447103607694E-4	3.0697875626483045E-4	0.550713434752761	0.44628109008789657
34	file:/Applications/Mallet-202108/sample-data/vol4_lemma_corpus/lemma_V488_SHilo_v_meshke.txt	1.3182690369849845E-4	1.670846530350968E-4	2.1270353081838514E-4	0.11470037628856125	2.5645145268377544E-4	0.31160988190683553	0.5729216752643674
35	file:/Applications/Mallet-202108/sample-data/vol4_lemma_corpus/lemma_V487_Svyataya_prosto.txt	1.0753345078988273E-4	0.1923171019605553	0.0014898127983514154	1.0526038977553381E-4	0.008107033249519873	0.002770869507851967	0.795102388643156
36	file:/Applications/Mallet-202108/sample-data/vol4_lemma_corpus/lemma_V406_K_svedeniu_muzh.txt	1.2730736772163006E-4	0.03288686534468253	0.02669748994530903	0.009474761750626542	0.3368528947297362	1.636790113130364E-4	0.593797001850611
37	file:/Applications/Mallet-202108/sample-data/vol4_lemma_corpus/lemma_V426_Ryazhenye.txt	2.0037539024584278E-4	0.18666497282089978	0.05918994043179471	1.9613981997020137E-4	0.297175747132194	0.029690939272240098	0.4268818851326554
38	file:/Applications/Mallet-202108/sample-data/vol4_lemma_corpus/lemma_V445_Utoplennik_(Sce.txt	0.48980275115407435	0.007941808880715913	2.551041708703717E-4	1.5476341451904266E-4	0.0041782815304177295	0.0060093391139688776	0.4916579517354337
39	file:/Applications/Mallet-202108/sample-data/vol4_lemma_corpus/lemma_V498_Intelligentnoe_.txt	1.1827587830826739E-4	0.0015977132946225988	0.0016386428217970838	0.0015635796968816228	2.3008976133564535E-4	0.5532131780067528	0.44163852054030195
40	file:/Applications/Mallet-202108/sample-data/vol4_lemma_corpus/lemma_V464_Dachniki.txt	2.8999976805182525E-4	0.08201434196048224	0.0572656766684239	0.3481701511415896	5.641554167496965E-4	0.09621907293586389	0.41547660210883886
41	file:/Applications/Mallet-202108/sample-data/vol4_lemma_corpus/lemma_V461_Obschee_obrazov.txt	1.2090150343059131E-4	1.5323720109760878E-4	1.9507532938612735E-4	1.1834586616604157E-4	0.08015217281859709	0.44709852684482493	0.47216174043649756
42	file:/Applications/Mallet-202108/sample-data/vol4_lemma_corpus/lemma_V409_Vedma.txt	0.013787427222098927	5.833598559750391E-4	6.967941887654114E-5	0.5360677152233184	6.126354709233077E-4	5.552305156684656E-5	0.4488236597572409
43	file:/Applications/Mallet-202108/sample-data/vol4_lemma_corpus/lemma_V442_Novogodnie_veli.txt	0.10970602564649537	0.44080211865443203	3.356562884572552E-4	2.036317678742696E-4	0.002951157625348838	2.674629282682333E-4	0.44573394708912406
44	file:/Applications/Mallet-202108/sample-data/vol4_lemma_corpus/lemma_V481_Gore.txt	0.0691694735054421	1.2330881762883674E-4	0.0013478753842930305	0.2692385734953541	1.8926169959482416E-4	0.01441588069573957	0.6455156264019474
45	file:/Applications/Mallet-202108/sample-data/vol4_lemma_corpus/lemma_V439_Gost_.txt	1.376000084406452E-4	0.42463030519552697	2.220184713046416E-4	1.3469139523737634E-4	2.6768224894828624E-4	1.7691225371556908E-4	0.5744307904268265
46	file:/Applications/Mallet-202108/sample-data/vol4_lemma_corpus/lemma_V460_Zapiska.txt	6.712609569078682E-4	0.03371816313370249	0.07503466658663756	6.570717246234581E-4	0.42036481708830314	0.23915147345918708	0.23040254705063837
47	file:/Applications/Mallet-202108/sample-data/vol4_lemma_corpus/lemma_V403_Bliny.txt	1.4415584404943124E-4	1.827110287067684E-4	0.03552456021295047	0.007199501424444362	0.6284773924509806	1.85341087882679E-4	0.3282863379509857
48	file:/Applications/Mallet-202108/sample-data/vol4_lemma_corpus/lemma_V451_Mertvoe_telo.txt	0.024068850548536525	1.4589599260392066E-4	1.8572976150352003E-4	0.4171895806251052	2.239298377461249E-4	1.479961126502718E-4	0.5580380171218544
49	file:/Applications/Mallet-202108/sample-data/vol4_lemma_corpus/lemma_V479_Brak_cherez_101.txt	2.018607480800148E-4	0.012610641999455462	0.012680496183522218	0.015023344909961786	0.5341197335235608	2.5953225064626826E-4	0.4251043903847735
50	file:/Applications/Mallet-202108/sample-data/vol4_lemma_corpus/lemma_V463_Mneniya_po_povo.txt	0.007424049581731032	0.3576053253975066	9.046775137665995E-4	5.488384630930325E-4	0.14522128964045436	7.208793795658427E-4	0.48757494002388246
51	file:/Applications/Mallet-202108/sample-data/vol4_lemma_corpus/lemma_V404_O_brennosti_(Ma.txt	5.021061446476234E-4	6.363968857003038E-4	8.101513941070649E-4	0.07424630432785909	0.5602841025018492	0.0067917919046412084	0.35672914684119544
52	file:/Applications/Mallet-202108/sample-data/vol4_lemma_corpus/lemma_V480_Starost.txt	1.1074035320533371E-4	0.352586555752992	1.7868025016139292E-4	1.0839950412314322E-4	0.05308236001678407	1.4237881003666217E-4	0.5937908853126973
53	file:/Applications/Mallet-202108/sample-data/vol4_lemma_corpus/lemma_V433_V_vagone_(Razgo.txt	2.8795536557528256E-4	0.032088482512803614	0.003989452452579332	2.818685143624379E-4	0.2437737709064666	0.16956228846869995	0.5500161817795128
54	file:/Applications/Mallet-202108/sample-data/vol4_lemma_corpus/lemma_V446_Reklama.txt	0.0012066734078655065	0.4889650197778255	0.0019469750650038973	0.001181166532931956	0.3273044974040257	0.10494685295159564	0.07444881486075182
55	file:/Applications/Mallet-202108/sample-data/vol4_lemma_corpus/lemma_V412_U_telefona.txt	0.08428977254777019	3.6241552507116726E-4	0.007461684717865177	2.7989534472929844E-4	0.46607749787677544	3.6763236547731275E-4	0.4411611016223115
56	file:/Applications/Mallet-202108/sample-data/vol4_lemma_corpus/lemma_V468_Domashnie_sreds.txt	4.842483226972313E-4	0.3029233207443537	0.1904657661371594	0.012329288974528863	9.420397682965616E-4	0.23772813335962967	0.2551272026933346
57	file:/Applications/Mallet-202108/sample-data/vol4_lemma_corpus/lemma_V493_Moi_zheny_(Pism.txt	0.04823713350701331	9.58992760934697E-5	0.080699927616509	7.406349641396012E-5	0.45675498081638016	9.727971148830073E-5	0.4140407155761019
58	file:/Applications/Mallet-202108/sample-data/vol4_lemma_corpus/lemma_V405_Persona.txt	1.6315776530647134E-4	2.0679510662377813E-4	0.39171424682062	0.002156907840133481	0.026280987537345046	2.0977184739065405E-4	0.5792681330825806
59	file:/Applications/Mallet-202108/sample-data/vol4_lemma_corpus/lemma_V419_Perepolokh.txt	0.011756036404885815	1.0075162239702297E-4	0.469136155182675	7.781098802904003E-5	1.5463957613471771E-4	1.0220190556191302E-4	0.5186724043203166
60	file:/Applications/Mallet-202108/sample-data/vol4_lemma_corpus/lemma_V475_Taper.txt	1.0517981911267827E-4	1.333106755122571E-4	0.2821314024137071	1.0295650957908526E-4	0.09419184451864829	1.3522963447088978E-4	0.6232000764289697
61	file:/Applications/Mallet-202108/sample-data/vol4_lemma_corpus/lemma_V435_Zabludshie.txt	1.362233228793144E-4	1.7265691600126283E-4	2.1979718057030506E-4	0.4653649911578722	2.65004092955944E-4	1.7514224986111605E-4	0.5336661850798599
62	file:/Applications/Mallet-202108/sample-data/vol4_lemma_corpus/lemma_V429_Anuta.txt	1.3119179864336144E-4	1.6627968603062933E-4	0.47234819763821384	1.284186433069701E-4	2.5521594149882637E-4	1.6867322197155083E-4	0.5268020230703347
63	file:/Applications/Mallet-202108/sample-data/vol4_lemma_corpus/lemma_V459_K_svadebnomu_Se.txt	5.645652503194469E-4	0.2564148051129325	9.109295504274185E-4	5.526313706649682E-4	0.3259054334603834	7.258612258486243E-4	0.4149257740294236
64	file:/Applications/Mallet-202108/sample-data/vol4_lemma_corpus/lemma_V421_Beseda_pyanogo_.txt	2.859395860394309E-4	3.6241552507116726E-4	0.09146551767959592	2.7989534472929844E-4	0.20006536016462803	0.1718754579956776	0.5356654137042586
65	file:/Applications/Mallet-202108/sample-data/vol4_lemma_corpus/lemma_V471_Rukovodstvo_dly.txt	1.1351001125497334E-4	1.4386881823397616E-4	0.07660374734441254	1.1111061665332383E-4	0.7116271146949316	1.459397578384537E-4	0.21125470875667515
66	file:/Applications/Mallet-202108/sample-data/vol4_lemma_corpus/lemma_V473_Pisma.txt	3.4956294507633814E-4	0.009000989840492489	0.01767989114722018	0.06452668315869176	0.7537782704241421	0.009007367460750057	0.14565723502362699
67	file:/Applications/Mallet-202108/sample-data/vol4_lemma_corpus/lemma_V434_Myslitel.txt	0.4831269768318548	1.9923478801144468E-4	2.5363156999814394E-4	1.5387003540088824E-4	3.057973900208927E-4	0.029064838797973887	0.4868956505867399
68	file:/Applications/Mallet-202108/sample-data/vol4_lemma_corpus/lemma_V447_Svistuny.txt	0.03411185780590399	1.7588304483853205E-4	0.018909103152351996	0.001834489822087297	0.0036672646594859176	0.47750031699757395	0.46380108451775826
69	file:/Applications/Mallet-202108/sample-data/vol4_lemma_corpus/lemma_V490_Antreprener_pod.txt	0.007056754025233131	0.5131735782044416	3.018371117887326E-4	1.831147718581485E-4	3.6391763453230333E-4	2.40514599473447E-4	0.4786802836526727
70	file:/Applications/Mallet-202108/sample-data/vol4_lemma_corpus/lemma_V438_ZHenikh_i_papen.txt	1.350969540889481E-4	1.7122929437587481E-4	0.0018716889464775253	1.3224125088923483E-4	0.436842033502897	0.013403367429909458	0.5474443426213619
71	file:/Applications/Mallet-202108/sample-data/vol4_lemma_corpus/lemma_V483_Tryapka_(Scepka.txt	8.196367462862162E-5	1.038852597807074E-4	0.5358996120116899	8.023111204439709E-5	1.5944926897383952E-4	1.0538065052237194E-4	0.46356947802236026
72	file:/Applications/Mallet-202108/sample-data/vol4_lemma_corpus/lemma_V477_Peresolil.txt	1.3736863174744607E-4	1.741085433207322E-4	2.2164514356795215E-4	0.5701685796118062	0.001948748699357077	1.7661477283082937E-4	0.4271729345973696
73	file:/Applications/Mallet-202108/sample-data/vol4_lemma_corpus/lemma_V448_Otec_semeistva.txt	1.3995737890491335E-4	1.7738966355086578E-4	0.1527010826046743	1.3699893518974942E-4	0.017404319936821507	1.7994312359997098E-4	0.8292603083572587
74	file:/Applications/Mallet-202108/sample-data/vol4_lemma_corpus/lemma_V430_Neobkhodimoe_pr.txt	8.112441272422851E-4	0.0010282153318039362	0.0013089474559363316	7.940959060589336E-4	0.11081216363903386	0.0010430161196237177	0.8842023174203009
75	file:/Applications/Mallet-202108/sample-data/vol4_lemma_corpus/lemma_V441_Moya_ona.txt	8.812534646162939E-4	0.011904290177241166	0.15244468432142497	0.022437307711342034	0.06643840671363496	0.3679026268247725	0.3779914307869681
76	file:/Applications/Mallet-202108/sample-data/vol4_lemma_corpus/lemma_V491_Vosklicatelnyi_.txt	0.5597810557005992	1.5012669373170033E-4	1.9111556475576153E-4	1.1594360558050787E-4	2.3042336920087847E-4	1.5228771319063982E-4	0.43937904735294125
77	file:/Applications/Mallet-202108/sample-data/vol4_lemma_corpus/lemma_V457_Stena.txt	2.4777976158330494E-4	0.0033470985367638774	3.9979418977058876E-4	2.4254214936066554E-4	4.8202209124935895E-4	0.30059040819307575	0.6946903550781965
78	file:/Applications/Mallet-202108/sample-data/vol4_lemma_corpus/lemma_V489_Mari_d_elle.txt	1.1478594001199693E-4	0.31769445800205454	0.056388565706095226	1.1235957460365078E-4	2.2330055730562237E-4	1.475802187260918E-4	0.6253189500012029
79	file:/Applications/Mallet-202108/sample-data/vol4_lemma_corpus/lemma_V444_Delec.txt	4.597226937092342E-4	0.0681117472985212	0.11329021463974365	4.5000499447419537E-4	0.2822654514863137	0.24819765346698872	0.2872252054202493
80	file:/Applications/Mallet-202108/sample-data/vol4_lemma_corpus/lemma_V423_Dva_gazetchika_.txt	0.0070729503387416065	0.5373028952576886	0.053090994564550485	1.8353504784374228E-4	0.09446592906884518	2.4106661671005584E-4	0.30764262910562035
81	file:/Applications/Mallet-202108/sample-data/vol4_lemma_corpus/lemma_V486_Strazha_pod_str.txt	1.33115741587371E-4	1.6871819691300862E-4	2.147830787856399E-4	0.0050186739141914625	2.5895871288334133E-4	0.4613075718455351	0.532898178510104
82	file:/Applications/Mallet-202108/sample-data/vol4_lemma_corpus/lemma_V453_Indeiskii_petuk.txt	0.004191036968330411	0.4793697278512425	0.0022786587429429656	0.002174277700542491	3.1995749125739197E-4	2.1146116746224798E-4	0.511454880078222
83	file:/Applications/Mallet-202108/sample-data/vol4_lemma_corpus/lemma_V467_Sonnaya_odur.txt	1.23833776270381E-4	1.569537246318415E-4	0.04264326115089914	0.004668729146928663	2.4090190184917898E-4	0.4048878691999208	0.5472784510994999
84	file:/Applications/Mallet-202108/sample-data/vol4_lemma_corpus/lemma_V418_Toska.txt	0.4265977722126134	1.2404745805721134E-4	1.5791595361108388E-4	9.580247984381564E-5	1.9039540881004362E-4	0.0013238665058789205	0.5715101999811855
85	file:/Applications/Mallet-202108/sample-data/vol4_lemma_corpus/lemma_V485_KHudozhestvo.txt	0.6713314316089862	1.128281870475069E-4	0.0012333127419444138	8.713778004582545E-5	0.0012628546455334356	1.1445230799272852E-4	0.32585798272844985
86	file:/Applications/Mallet-202108/sample-data/vol4_lemma_corpus/lemma_V455_SHampanskoe_(My.txt	5.493786865474918E-4	0.5655873311084437	0.014336212087706433	5.377658231516598E-4	0.06831767286553304	7.063358693203889E-4	0.34996530355929734
87	file:/Applications/Mallet-202108/sample-data/vol4_lemma_corpus/lemma_V425_Psikhopaty_(Sce.txt	1.4700938142644411E-4	1.86327758594101E-4	0.11540699747628057	0.31506131533260423	0.07046758191437104	1.8900987928865279E-4	0.4985417582574349
88	file:/Applications/Mallet-202108/sample-data/vol4_lemma_corpus/lemma_V432_Akterskaya_gibe.txt	8.901948969103442E-5	0.4555987506965692	1.4363350149101264E-4	0.037136231955461466	1.7317540508003434E-4	1.1445230799272852E-4	0.5067447366437144
89	file:/Applications/Mallet-202108/sample-data/vol4_lemma_corpus/lemma_V401_Panikhida.txt	0.43529408561340305	1.234558411580997E-4	0.04784994977699684	0.0012876652453320705	1.8948736004282635E-4	1.2523294334046837E-4	0.5151301232197266
90	file:/Applications/Mallet-202108/sample-data/vol4_lemma_corpus/lemma_V415_Otkrytie.txt	1.5689091783444465E-4	0.005960313277515242	0.4323627282737488	0.03856331531220495	0.03487397681408824	2.0171456510897313E-4	0.48788106083949934
91	file:/Applications/Mallet-202108/sample-data/vol4_lemma_corpus/lemma_V454_Nervy.txt	1.3599654904939386E-4	0.010160695650444964	2.1943127958220607E-4	0.44627835697860324	2.6456293507024566E-4	1.7485068687511331E-4	0.5427661059203748
92	file:/Applications/Mallet-202108/sample-data/vol4_lemma_corpus/lemma_V402_Glupyi_francuz.txt	1.7732380159588847E-4	2.2474991851644956E-4	2.8611305916619116E-4	1.7357549985942377E-4	0.5364841615015344	2.2798511230668323E-4	0.462426091107021
93	file:/Applications/Mallet-202108/sample-data/vol4_lemma_corpus/lemma_V436_Eger.txt	0.47355016913447373	1.4990933971077775E-4	1.9083886688526293E-4	1.1577574196980167E-4	2.3008976133564535E-4	1.5206723043719792E-4	0.5256111499251875
94	file:/Applications/Mallet-202108/sample-data/vol4_lemma_corpus/lemma_V422_Loshadinaya_fam.txt	1.5278306722872788E-4	1.9364564486725963E-4	0.013337939001887688	0.02446219542866528	0.3911696927343705	0.022638871796327543	0.5480448723266529
95	file:/Applications/Mallet-202108/sample-data/vol4_lemma_corpus/lemma_V449_Starosta_(Scenk.txt	1.232731898381718E-4	0.001665218784185647	1.9890206018790743E-4	1.2066741944879688E-4	2.398113565897404E-4	0.5403717490395681	0.45728037815018163
96	file:/Applications/Mallet-202108/sample-data/vol4_lemma_corpus/lemma_V437_Zloumyshlennik.txt	0.11775202862624394	1.873391246381782E-4	2.38488051099438E-4	1.446829543563047E-4	2.87539219103959E-4	0.506792835225987	0.3745970867985711
97	file:/Applications/Mallet-202108/sample-data/vol4_lemma_corpus/lemma_V478_Bez_mesta.txt	0.015446106947009593	0.10280896913937794	0.021651272561288855	1.2251615835697527E-4	0.3434326556301364	1.609205224528807E-4	0.5163775590413773
